-- MariaDB dump 10.17  Distrib 10.4.15-MariaDB, for Linux (x86_64)
--
-- Host: mysql.hostinger.ro    Database: u574849695_25
-- ------------------------------------------------------
-- Server version	10.4.15-MariaDB-cll-lve

/*!40101 SET @OLD_CHARACTER_SET_CLIENT=@@CHARACTER_SET_CLIENT */;
/*!40101 SET @OLD_CHARACTER_SET_RESULTS=@@CHARACTER_SET_RESULTS */;
/*!40101 SET @OLD_COLLATION_CONNECTION=@@COLLATION_CONNECTION */;
/*!40101 SET NAMES utf8mb4 */;
/*!40103 SET @OLD_TIME_ZONE=@@TIME_ZONE */;
/*!40103 SET TIME_ZONE='+00:00' */;
/*!40014 SET @OLD_UNIQUE_CHECKS=@@UNIQUE_CHECKS, UNIQUE_CHECKS=0 */;
/*!40014 SET @OLD_FOREIGN_KEY_CHECKS=@@FOREIGN_KEY_CHECKS, FOREIGN_KEY_CHECKS=0 */;
/*!40101 SET @OLD_SQL_MODE=@@SQL_MODE, SQL_MODE='NO_AUTO_VALUE_ON_ZERO' */;
/*!40111 SET @OLD_SQL_NOTES=@@SQL_NOTES, SQL_NOTES=0 */;

--
-- Table structure for table `communities`
--

DROP TABLE IF EXISTS `communities`;
/*!40101 SET @saved_cs_client     = @@character_set_client */;
/*!40101 SET character_set_client = utf8 */;
CREATE TABLE `communities` (
  `id` bigint(20) unsigned NOT NULL AUTO_INCREMENT,
  `name` varchar(145) COLLATE utf8mb4_unicode_ci NOT NULL,
  `description` varchar(245) COLLATE utf8mb4_unicode_ci DEFAULT NULL,
  `admin_id` bigint(20) unsigned NOT NULL,
  PRIMARY KEY (`id`),
  KEY `fk_communities_users_admin_idx` (`admin_id`),
  CONSTRAINT `fk_communities_users` FOREIGN KEY (`admin_id`) REFERENCES `users` (`id`)
) ENGINE=InnoDB AUTO_INCREMENT=101 DEFAULT CHARSET=utf8mb4 COLLATE=utf8mb4_unicode_ci;
/*!40101 SET character_set_client = @saved_cs_client */;

--
-- Dumping data for table `communities`
--

LOCK TABLES `communities` WRITE;
/*!40000 ALTER TABLE `communities` DISABLE KEYS */;
INSERT INTO `communities` VALUES (1,'sunt','Omnis eius odit sequi at voluptas voluptate voluptatibus. Ipsum architecto et aut eaque corrupti. Vel quidem cupiditate qui ut rerum. Consectetur incidunt provident fugiat fugiat odio.',1),(2,'saepe','Ea ad ut libero non tempore. Cumque asperiores accusantium laboriosam nam et repellendus et similique. Illo aut nostrum saepe voluptatem sit.',2),(3,'ea','At at eos maxime quibusdam nihil incidunt. Omnis voluptas maxime odio doloremque delectus. Ipsum voluptate eos ab aliquam quis.',3),(4,'atque','Quis reiciendis eos modi quis libero facere. Commodi voluptatum ea earum maiores. Deleniti dolore sed placeat ex non sunt quisquam.',4),(5,'rerum','Id aliquam accusantium omnis incidunt sint. Natus aut ea eaque velit quidem placeat sed molestias. Sed repudiandae pariatur quo molestiae nobis et. Ut quo sit quo occaecati rerum nesciunt porro ab.',5),(6,'qui','Accusamus eum natus vel eaque unde reiciendis laborum. Aut voluptates consequuntur dolorum veniam repudiandae modi mollitia. Repellendus laudantium illum ratione aut qui aut. Odit doloremque aut id sint voluptatem laboriosam.',6),(7,'nihil','Modi quae vero impedit enim harum adipisci quaerat quasi. Sunt ut possimus reprehenderit quia ad culpa. Qui eveniet et alias qui distinctio praesentium laudantium.',7),(8,'neque','Dolorem ullam similique quaerat adipisci earum consequatur. Et aliquid dolor maxime dolores praesentium ut amet quae. Est cumque nemo odio deleniti.',8),(9,'est','Molestiae expedita tempore nobis. Beatae ab aspernatur ut veritatis veniam perspiciatis sapiente. Molestias quas optio tempora consequatur est fugit.',9),(10,'ipsum','Dolores voluptatum molestiae sit assumenda quo et. Quis aut libero quos quae non qui recusandae. Odio quia ut dolore occaecati nemo. Et numquam fugiat autem. Quibusdam eveniet autem sapiente dolores quam quia.',10),(11,'nihil','Dignissimos est adipisci natus quia iusto repellendus. Id nobis beatae incidunt soluta excepturi. Quia reiciendis assumenda in voluptatem quo tempora. Et aut dolores laboriosam. Fugit veritatis facere id optio nobis.',11),(12,'molestiae','Molestiae est dicta ut est laudantium possimus. Consectetur a quia quibusdam amet eum error a.',12),(13,'id','Quaerat sit error aut voluptatem asperiores laboriosam est. Corrupti veniam ratione illo labore est eum.',13),(14,'cum','Optio voluptatem et deleniti sint sint omnis. Consequatur est eos nam qui qui cum perspiciatis. Qui magni ratione voluptatem deleniti distinctio perferendis. Illum commodi pariatur tempora asperiores nulla. Et corrupti quis doloremque dolores op',14),(15,'necessitatibus','Atque aut excepturi voluptatem aspernatur ad expedita. Aperiam odio cumque soluta. Odit voluptatem omnis consequatur voluptas iusto expedita. Tempore sed nobis dicta minima non sunt vel.',15),(16,'omnis','Perferendis exercitationem laborum et illo laboriosam sit. Ea similique voluptatibus recusandae quia. Error ut tenetur et unde ut. Ut quis quibusdam aut molestiae suscipit blanditiis eius eius. Aut quia nihil pariatur laborum unde aut.',16),(17,'vero','Corrupti soluta et aliquam excepturi praesentium asperiores eveniet. Consequuntur libero similique aspernatur vero. Distinctio nesciunt pariatur minus debitis accusantium dicta nostrum.',17),(18,'dolorem','Tenetur cupiditate nihil illum officiis quam. Consequatur tempora minus voluptates necessitatibus itaque. Aut sunt ipsa laudantium non. Hic fuga quae voluptates earum voluptatum.',18),(19,'fugiat','Sint iure fugit dolorem quidem dignissimos libero omnis sed. Et dolorum mollitia rem atque. Asperiores in quos voluptatem labore.',19),(20,'voluptatibus','Dolorem iure omnis provident porro. Earum error voluptatem repudiandae molestiae facilis eveniet quod. Voluptatem non similique beatae adipisci.',20),(21,'debitis','Aliquid est et doloribus asperiores. Voluptatem a est in nam velit. Et enim fugiat cum. Est iste explicabo voluptatem ullam. Ipsam voluptatum consequatur doloribus explicabo earum.',21),(22,'ipsa','Impedit adipisci deserunt fuga quibusdam cupiditate animi. Dolorem veritatis labore in neque eaque optio. Est saepe officia adipisci molestiae dolorum quos modi.',22),(23,'quis','Error sequi ex earum et nihil iusto possimus. Ea inventore fugiat ut asperiores. Et aliquid numquam et vero non quas delectus.',23),(24,'et','Hic qui ipsam earum labore sunt. Rerum deleniti voluptas repellendus necessitatibus. Exercitationem adipisci reprehenderit nobis expedita. Eos maxime incidunt neque quaerat et ipsam quod quam.',24),(25,'suscipit','Est ipsam et nostrum omnis. Sapiente voluptas quidem et excepturi qui velit. Labore ipsum ducimus voluptatibus consequatur dolorem.',25),(26,'neque','Voluptates deserunt autem aperiam dicta in officiis ab. Amet magni libero omnis esse similique labore rerum. Autem quam eum nisi veniam vel necessitatibus voluptatem. Dolore dolore quia animi harum hic vitae dolores.',26),(27,'consectetur','Recusandae commodi qui quas sint qui. Qui occaecati autem eius debitis perferendis ut. Et tempora enim quasi aut minus blanditiis.',27),(28,'quo','Error sint ut est eius nam aut. Rem reiciendis saepe veritatis vel. Esse dolore aut enim dolores.',28),(29,'quidem','Natus aperiam mollitia dignissimos in incidunt quis. Quia ducimus reiciendis molestiae ex quia non. Maiores voluptates occaecati sit rerum illo. Ut dolorem et eius quia consequatur.',29),(30,'distinctio','In sint quo voluptates cumque ipsum. In odio est neque tempora. Veritatis aut ullam quae quos adipisci eius consequuntur. Impedit suscipit cupiditate magni maiores unde et labore.',30),(31,'et','Facere totam nostrum ut omnis non quisquam laboriosam. Optio enim corporis exercitationem voluptas expedita. Velit ducimus voluptas ea harum expedita eum.',31),(32,'facere','Nostrum at voluptatem commodi et. Repellat molestias fugit aut quo ut. Nesciunt maxime laborum eius et.',32),(33,'in','Quasi possimus repellat voluptatem perferendis sint. Natus nulla saepe ab ut tempore quia inventore ea. Odit laborum architecto non illum. Aut dolorem fuga dolorum officiis.',33),(34,'et','Id deserunt voluptas nisi consequatur quia. Incidunt ut beatae ullam qui sunt voluptatem praesentium. Facilis odit exercitationem fugiat in at laborum qui nostrum. Provident iure dolore eos laboriosam.',34),(35,'officiis','Ipsam sequi et sunt quia. Sed sed ut nam quae. Et ut reprehenderit deserunt rem aut ut omnis alias. Maxime et molestiae rem magni occaecati.',35),(36,'consequatur','Delectus velit dolores optio eum ipsum. Et molestias ut nihil cum. Sapiente exercitationem illo est minima explicabo. At sequi ipsa voluptatum atque quo ea voluptatem.',36),(37,'consectetur','Esse dolorem recusandae hic praesentium dolor qui quis explicabo. Aliquid in ad veritatis et officia autem. Eveniet deserunt sunt deleniti. Eum minus sed perferendis sunt nihil qui hic.',37),(38,'eaque','Accusamus ea voluptatem laudantium velit quia. Cupiditate provident placeat at voluptas eum occaecati iure et. Tempore iusto iste et modi minus est.',38),(39,'aliquam','Voluptatem quidem unde voluptates ut. Natus sunt dicta sit. Quia dolore distinctio accusantium numquam repellat sunt. Magni assumenda ut aut sit aut consequatur dolores corporis. Magni deleniti iste exercitationem eaque molestias sequi aut.',39),(40,'laudantium','Praesentium ut veritatis modi repudiandae. Dolores ullam ut aliquam nihil totam. Asperiores similique in libero sed odit ea. Placeat explicabo soluta est ipsum numquam voluptate voluptas.',40),(41,'recusandae','Sit omnis minima sunt perferendis assumenda nobis et. Nesciunt dicta sunt dignissimos sint qui. Fuga consequatur cupiditate sapiente ducimus modi.',41),(42,'labore','Fugiat doloremque fuga rerum itaque optio praesentium provident. Ea molestiae harum minus et beatae ratione et. Dolores quas aut quam assumenda.',42),(43,'deserunt','Incidunt recusandae harum dolorem rerum inventore. Aut quia at est nesciunt sed ut. Aspernatur nihil officia ut.',43),(44,'nemo','In perspiciatis ipsam explicabo animi omnis sed qui. Dicta libero assumenda amet voluptatem temporibus distinctio. Perspiciatis deleniti dolor adipisci delectus quia dicta.',44),(45,'est','Vitae rem saepe consequatur ea et. Nesciunt laboriosam reiciendis nisi et ut quaerat qui. Facere ipsa tenetur porro in omnis. Velit ratione consequatur recusandae corrupti autem voluptatem eos quos.',45),(46,'minima','Qui cumque pariatur ut dolor eius. Sunt et vitae tenetur et non sint eius. Ipsa eveniet quia facilis deserunt at. Ipsum vero debitis similique non libero optio.',46),(47,'debitis','Rerum qui distinctio quia optio sequi quo et. Quas maxime et vel autem impedit excepturi quis. Quam et ipsam numquam voluptas.',47),(48,'eligendi','Aut mollitia quibusdam illum optio animi temporibus quia explicabo. Autem molestias et eum aut et quia. Facere voluptas consequuntur excepturi consequatur vero. Natus ducimus rerum possimus.',48),(49,'similique','Laboriosam aut consequuntur aut sint. Voluptatem dignissimos ad expedita quo odio possimus qui. Facilis vel et nihil voluptatem rerum. Sapiente enim voluptatum ut autem quisquam rerum.',49),(50,'ut','Ipsam est temporibus nulla voluptas a. Nobis qui nobis quo cumque quas provident ipsam. Iste voluptas numquam eum maxime mollitia quidem.',50),(51,'eligendi','Mollitia non ut et atque. Doloremque et sunt mollitia velit maiores sunt. Aut temporibus harum provident nobis voluptatibus. Et rerum id laboriosam enim sequi quae.',51),(52,'fugiat','Qui ipsam fugiat et rem dolorum et. Illum illum id doloribus dolores. Consequatur et officiis et soluta voluptatibus. Nulla aut eos fuga incidunt quibusdam ducimus perspiciatis.',52),(53,'enim','Harum molestiae quidem est ex ut error. Debitis et dolorem voluptatem suscipit et odit a iure. Sit est quia perspiciatis in dolorem. Eos et sed atque.',53),(54,'molestiae','Aut sit nesciunt similique iusto. Facere sit ea corrupti. Atque non molestiae totam cumque atque in. Doloremque aperiam ullam ut ullam.',54),(55,'consequuntur','Amet et est non sapiente. Dignissimos fugit voluptates possimus odio et at. Soluta dignissimos rerum voluptas nihil nesciunt. Voluptatem sed est quia voluptatem.',55),(56,'consectetur','Dolorum voluptas quasi velit unde qui doloremque dolorem. Non et ut tempora voluptatum. Tenetur fugiat impedit eos. Omnis architecto dolores modi eum dolorem ipsa.',56),(57,'illum','Necessitatibus delectus aut explicabo similique at voluptas doloremque veritatis. Amet quibusdam quod saepe eos asperiores. Tenetur voluptatem sunt quidem reprehenderit et quas.',57),(58,'doloremque','Quae adipisci quo ut. Modi in et eos corrupti. Magni voluptatibus et magnam enim odio quos est.',58),(59,'dolorum','Quas ratione quae iusto perspiciatis veritatis. Veritatis architecto perspiciatis tenetur dolor facere suscipit in. Dolor et corporis aliquam doloremque et a. Corrupti minus deleniti eligendi atque et. Esse est odio quasi exercitationem.',59),(60,'aperiam','Ut inventore doloribus eos ex est. Temporibus est et et. Temporibus aspernatur sint amet.',60),(61,'qui','Dolores natus veniam veniam rem nulla est. Qui dolore omnis minima voluptas et aut. Exercitationem aspernatur enim libero animi iure enim tempore vel. Cum veniam beatae a sint molestias. Labore nisi et fugit qui laborum est aut.',61),(62,'voluptas','Facere vitae facere facilis. Ratione aut corrupti odio modi culpa.',62),(63,'et','Exercitationem cum quis et modi sequi. Est quia fuga et est. Tempore ea recusandae incidunt ut minima.',63),(64,'quia','Hic est itaque ullam repellat et cumque temporibus doloribus. Sit consequatur ex ut deleniti repellat. Culpa quaerat ex ut maxime. Odio reprehenderit magni fuga perferendis voluptas rerum laboriosam sed.',64),(65,'illo','Nihil error numquam voluptatibus laboriosam id sunt earum. Est voluptatem eius aut ratione. Sint qui totam debitis.',65),(66,'soluta','Magnam qui expedita molestiae et. Assumenda delectus quae accusamus. Sunt voluptatibus reiciendis esse eaque et.',66),(67,'explicabo','Est error necessitatibus sunt est. Est velit in necessitatibus libero architecto. Non mollitia aliquam et nesciunt repudiandae minus sed. Aut distinctio quasi non consequatur distinctio voluptas eum.',67),(68,'qui','Inventore aliquid omnis qui rerum dolores non. Autem voluptatibus odio libero ut. Dolor eveniet ad et velit aspernatur expedita voluptatem.',68),(69,'nemo','Delectus vel cupiditate illum unde rerum nostrum et. Doloribus cupiditate porro occaecati sit qui aliquid. Incidunt et et corrupti enim occaecati totam et. Neque rerum sit soluta qui velit cupiditate. Dolorum maiores in mollitia voluptatibus con',69),(70,'voluptatum','Sit voluptatem assumenda quisquam laudantium. Perferendis cumque quas cupiditate delectus. Ea fugiat omnis illum. Quisquam vel quia impedit quia fugit.',70),(71,'ea','Vel est eos autem. In ea sit perspiciatis autem cum quibusdam sunt. Qui facere ut tempore itaque nisi. Et blanditiis aspernatur soluta harum ut amet modi.',71),(72,'qui','Nesciunt dicta dignissimos a commodi. Sint eos corporis aliquam quo sit. Et qui non dolore quae dolore dolorem.',72),(73,'aut','Architecto ad tempore nam explicabo omnis voluptatum non. Illo numquam deserunt sit voluptate unde vero ipsum. Ab deleniti dolore ut eligendi tempore dolores vel.',73),(74,'veritatis','Qui voluptates magni impedit. Eaque repellendus pariatur illum exercitationem distinctio error. Alias velit sint consequatur ad temporibus. Provident illo officia enim et blanditiis exercitationem.',74),(75,'tempora','Et odio dolores blanditiis qui ullam et. Nihil quaerat aut ab fugit. Asperiores qui porro at odio et ut quia. Quidem porro reprehenderit eos cum animi voluptatem.',75),(76,'laborum','Quia odit voluptatem vitae corrupti. Qui in commodi expedita dolores hic sunt id. Quia expedita quo doloremque dolorum at pariatur.',76),(77,'ea','Beatae dolor ut esse explicabo ipsum nisi. Voluptates provident aperiam facilis. Provident sequi voluptates iste molestias quisquam eligendi.',77),(78,'error','Aut occaecati libero amet quam alias dolores nobis. Dolorem eos debitis atque alias dolor. Quaerat dolorem recusandae suscipit.',78),(79,'fuga','Veritatis et expedita ab non dolor ut. Est occaecati iste repudiandae error laboriosam omnis officiis. Harum qui non sit voluptatibus harum nulla ducimus.',79),(80,'non','Eaque et qui dolore nulla. Omnis sapiente dolore odit sequi. Facere ut et inventore excepturi. Error excepturi animi reprehenderit.',80),(81,'ea','Qui cumque labore sed expedita enim vitae. Tempora a mollitia tempore et unde dicta. Fugiat harum eum veniam voluptas molestiae est commodi.',81),(82,'nihil','Eaque incidunt nesciunt maxime aut iste aut fugit. Et recusandae ad ea minus natus quae. Voluptas dolor quia eos cum officia.',82),(83,'repudiandae','Culpa atque omnis et nisi placeat voluptate. Vel aut expedita nihil qui fugit ex molestias. Reprehenderit omnis id qui numquam exercitationem atque illo.',83),(84,'tempore','Impedit necessitatibus consequuntur eveniet ut dolores quia. Quod vel voluptatem rerum commodi. Sed iste soluta harum sit sapiente. Libero nihil autem non inventore vero dolor.',84),(85,'et','Maxime aliquam et similique excepturi. Rerum asperiores adipisci quo fugiat perferendis. Quaerat et dolore ut aliquam architecto.',85),(86,'et','Similique ea sit quia distinctio. Quas facilis aut sit iure ut aliquam.',86),(87,'quo','Impedit labore voluptas consequuntur asperiores rerum ab. Quasi nemo quidem rerum sunt error libero. Dicta totam dicta rerum aliquid. Quaerat voluptatem adipisci saepe eveniet.',87),(88,'error','Voluptatem magni voluptatem voluptatem odit exercitationem. Architecto molestiae distinctio iste est nihil reprehenderit. Rerum ut maiores harum. Consequatur ut modi quia facilis perspiciatis. Atque voluptates quae quidem ab ut itaque.',88),(89,'aut','Expedita dolore sit aut exercitationem fugiat consequatur aut. Ea iusto aut dolor magnam iusto soluta. Hic ullam et dolores laudantium quis facilis aut. Quisquam sint commodi vel nulla.',89),(90,'aspernatur','Dolores est ipsam voluptatem reprehenderit. Adipisci et aut porro pariatur accusamus incidunt.',90),(91,'eum','Quos neque ut qui quis ut aperiam ratione qui. Ducimus omnis harum vero soluta. Atque vel rerum soluta unde. Est corrupti ut maiores et.',91),(92,'in','Sunt consectetur sint in ut et et porro quo. Qui non quos architecto. A perferendis cum in totam placeat. Repellendus dolorem porro praesentium eaque omnis vero tempore.',92),(93,'nostrum','Quo consequatur asperiores earum vel distinctio saepe laboriosam. Odit atque perferendis distinctio nulla autem qui. Dolore nemo blanditiis distinctio suscipit. Aut non possimus est et.',93),(94,'similique','In qui expedita sit est rerum tempora. Inventore iure voluptas nesciunt pariatur ab et ut quidem.',94),(95,'corrupti','Rerum dicta accusamus aut qui ducimus corrupti facilis. Qui eveniet minus consequatur est exercitationem rem. Ut eos omnis cum consequatur nobis et.',95),(96,'quis','Praesentium dolorem voluptatem necessitatibus et aut distinctio. Eum distinctio sed id libero rerum quo.',96),(97,'nihil','Ducimus et et repellendus temporibus. Nesciunt soluta porro iste inventore libero. Ducimus rerum laboriosam quaerat odit similique.',97),(98,'illo','Nulla quia esse possimus occaecati facere. Dolores quia quia et numquam iusto delectus soluta. Saepe est nobis in nihil. Labore quisquam qui reiciendis nam ut quis.',98),(99,'voluptas','Totam dolorem facere eum et sapiente ut. Fugiat sed beatae quia molestiae consectetur sit. Quo adipisci rerum suscipit ducimus minus at. Ipsum ullam provident totam nulla modi velit.',99),(100,'at','Eos quae tempore labore ipsam quasi consequatur voluptatibus. Voluptatum velit eum suscipit aliquam. Optio et impedit dolores placeat minus ducimus.',100);
/*!40000 ALTER TABLE `communities` ENABLE KEYS */;
UNLOCK TABLES;

--
-- Table structure for table `communities_users`
--

DROP TABLE IF EXISTS `communities_users`;
/*!40101 SET @saved_cs_client     = @@character_set_client */;
/*!40101 SET character_set_client = utf8 */;
CREATE TABLE `communities_users` (
  `community_id` bigint(20) unsigned NOT NULL,
  `user_id` bigint(20) unsigned NOT NULL,
  `created_at` datetime NOT NULL DEFAULT current_timestamp(),
  PRIMARY KEY (`community_id`,`user_id`),
  KEY `communities_users_comm_idx` (`community_id`),
  KEY `communities_users_users_idx` (`user_id`),
  CONSTRAINT `fk_communities_users_comm` FOREIGN KEY (`community_id`) REFERENCES `communities` (`id`),
  CONSTRAINT `fk_communities_users_users` FOREIGN KEY (`user_id`) REFERENCES `users` (`id`)
) ENGINE=InnoDB DEFAULT CHARSET=utf8mb4 COLLATE=utf8mb4_unicode_ci;
/*!40101 SET character_set_client = @saved_cs_client */;

--
-- Dumping data for table `communities_users`
--

LOCK TABLES `communities_users` WRITE;
/*!40000 ALTER TABLE `communities_users` DISABLE KEYS */;
INSERT INTO `communities_users` VALUES (1,1,'1992-03-22 14:37:24'),(2,2,'1975-10-12 02:46:05'),(3,3,'1997-12-15 11:12:34'),(4,4,'1979-05-21 06:24:53'),(5,5,'1989-04-04 14:17:59'),(6,6,'1971-05-20 21:20:18'),(7,7,'1992-07-13 00:37:52'),(8,8,'2014-12-31 04:22:19'),(9,9,'2008-04-11 22:24:00'),(10,10,'2020-02-11 00:31:49'),(11,11,'1984-06-03 22:18:35'),(12,12,'1978-12-03 13:19:19'),(13,13,'1996-11-27 23:48:37'),(14,14,'2003-01-01 12:32:36'),(15,15,'1988-02-28 14:43:23'),(16,16,'2010-04-12 01:57:25'),(17,17,'2016-09-22 13:20:03'),(18,18,'1993-04-21 13:22:45'),(19,19,'1971-11-11 00:01:59'),(20,20,'1985-05-28 02:49:53'),(21,21,'1989-05-31 18:08:55'),(22,22,'1999-01-08 21:15:09'),(23,23,'1978-06-09 12:43:38'),(24,24,'1983-05-12 16:08:30'),(25,25,'1989-02-15 19:27:35'),(26,26,'2018-07-03 22:41:58'),(27,27,'2010-08-22 01:46:42'),(28,28,'1974-02-25 15:50:21'),(29,29,'1989-09-09 00:26:48'),(30,30,'2005-03-22 10:08:14'),(31,31,'2012-01-19 15:21:24'),(32,32,'1998-07-10 21:59:29'),(33,33,'1989-08-31 19:19:44'),(34,34,'2011-02-01 11:31:29'),(35,35,'2016-02-19 17:01:27'),(36,36,'1979-01-29 01:23:36'),(37,37,'2010-01-31 06:22:27'),(38,38,'2007-05-23 06:25:55'),(39,39,'1994-01-23 12:16:09'),(40,40,'1982-11-18 02:09:59'),(41,41,'1980-04-16 02:53:43'),(42,42,'1992-02-21 22:29:30'),(43,43,'1975-12-21 16:07:36'),(44,44,'2012-12-19 16:17:41'),(45,45,'2002-06-10 21:05:59'),(46,46,'1988-04-26 16:42:18'),(47,47,'1978-10-06 09:55:31'),(48,48,'2012-10-25 03:06:30'),(49,49,'1993-07-05 20:56:06'),(50,50,'1972-04-06 01:06:31'),(51,51,'2001-12-10 04:18:38'),(52,52,'1982-12-17 15:57:11'),(53,53,'2018-04-25 10:24:12'),(54,54,'2012-03-22 08:54:53'),(55,55,'1980-07-17 22:17:26'),(56,56,'1992-03-08 02:54:51'),(57,57,'1999-10-22 11:28:34'),(58,58,'1996-02-25 00:49:57'),(59,59,'1998-12-09 20:42:41'),(60,60,'1988-12-14 21:24:39'),(61,61,'2009-04-01 14:33:55'),(62,62,'1977-04-15 15:54:54'),(63,63,'1975-11-29 01:37:13'),(64,64,'1973-08-22 20:34:55'),(65,65,'1989-08-28 22:31:04'),(66,66,'2001-09-23 02:07:39'),(67,67,'1993-07-29 20:17:42'),(68,68,'1972-04-21 19:20:19'),(69,69,'1983-07-10 03:52:30'),(70,70,'1977-06-03 00:07:11'),(71,71,'2007-04-08 12:33:51'),(72,72,'1977-07-27 15:41:04'),(73,73,'2019-11-12 01:10:09'),(74,74,'1972-01-26 22:45:13'),(75,75,'2001-09-09 16:22:10'),(76,76,'2006-01-07 19:36:20'),(77,77,'1971-03-02 11:02:47'),(78,78,'1991-07-23 20:50:27'),(79,79,'2012-01-31 17:22:27'),(80,80,'1990-10-10 19:51:44'),(81,81,'1991-10-03 21:40:00'),(82,82,'2016-08-02 03:50:19'),(83,83,'1972-05-12 15:50:11'),(84,84,'2004-01-07 12:32:53'),(85,85,'2008-06-30 16:48:15'),(86,86,'2003-11-24 12:09:39'),(87,87,'2013-07-17 23:39:12'),(88,88,'1983-12-24 01:53:14'),(89,89,'1987-01-17 07:28:00'),(90,90,'2008-11-18 02:20:14'),(91,91,'2020-10-26 17:37:15'),(92,92,'1970-11-21 20:48:50'),(93,93,'1982-09-22 17:28:28'),(94,94,'1996-02-01 08:29:43'),(95,95,'1989-04-01 01:39:28'),(96,96,'2002-02-16 20:03:20'),(97,97,'1981-03-20 16:53:11'),(98,98,'1976-02-14 23:23:19'),(99,99,'2013-05-14 15:37:30'),(100,100,'2008-05-21 00:24:51');
/*!40000 ALTER TABLE `communities_users` ENABLE KEYS */;
UNLOCK TABLES;

--
-- Table structure for table `friend_requests`
--

DROP TABLE IF EXISTS `friend_requests`;
/*!40101 SET @saved_cs_client     = @@character_set_client */;
/*!40101 SET character_set_client = utf8 */;
CREATE TABLE `friend_requests` (
  `from_user_id` bigint(20) unsigned NOT NULL,
  `to_user_id` bigint(20) unsigned NOT NULL,
  `accepted` tinyint(1) DEFAULT 0,
  PRIMARY KEY (`from_user_id`,`to_user_id`),
  KEY `fk_friend_requests_from_user_idx` (`from_user_id`),
  KEY `fk_friend_requests_to_user_idx` (`to_user_id`),
  CONSTRAINT `fk_friend_requests_users_1` FOREIGN KEY (`from_user_id`) REFERENCES `users` (`id`),
  CONSTRAINT `fk_friend_requests_users_2` FOREIGN KEY (`to_user_id`) REFERENCES `users` (`id`)
) ENGINE=InnoDB DEFAULT CHARSET=utf8mb4 COLLATE=utf8mb4_unicode_ci;
/*!40101 SET character_set_client = @saved_cs_client */;

--
-- Dumping data for table `friend_requests`
--

LOCK TABLES `friend_requests` WRITE;
/*!40000 ALTER TABLE `friend_requests` DISABLE KEYS */;
INSERT INTO `friend_requests` VALUES (1,1,1),(2,2,1),(3,3,1),(4,4,0),(5,5,1),(6,6,1),(7,7,1),(8,8,1),(9,9,0),(10,10,1),(11,11,0),(12,12,1),(13,13,0),(14,14,0),(15,15,1),(16,16,1),(17,17,0),(18,18,0),(19,19,1),(20,20,0),(21,21,1),(22,22,1),(23,23,0),(24,24,1),(25,25,0),(26,26,0),(27,27,0),(28,28,0),(29,29,0),(30,30,0),(31,31,0),(32,32,1),(33,33,1),(34,34,0),(35,35,0),(36,36,0),(37,37,0),(38,38,1),(39,39,1),(40,40,0),(41,41,0),(42,42,1),(43,43,1),(44,44,0),(45,45,0),(46,46,0),(47,47,1),(48,48,0),(49,49,0),(50,50,1),(51,51,1),(52,52,0),(53,53,0),(54,54,0),(55,55,0),(56,56,0),(57,57,0),(58,58,0),(59,59,0),(60,60,1),(61,61,1),(62,62,0),(63,63,0),(64,64,1),(65,65,0),(66,66,1),(67,67,1),(68,68,0),(69,69,1),(70,70,0),(71,71,1),(72,72,1),(73,73,1),(74,74,1),(75,75,0),(76,76,1),(77,77,0),(78,78,1),(79,79,1),(80,80,0),(81,81,1),(82,82,0),(83,83,1),(84,84,1),(85,85,0),(86,86,0),(87,87,0),(88,88,0),(89,89,1),(90,90,0),(91,91,1),(92,92,1),(93,93,0),(94,94,0),(95,95,1),(96,96,0),(97,97,0),(98,98,0),(99,99,1),(100,100,1);
/*!40000 ALTER TABLE `friend_requests` ENABLE KEYS */;
UNLOCK TABLES;

--
-- Table structure for table `media`
--

DROP TABLE IF EXISTS `media`;
/*!40101 SET @saved_cs_client     = @@character_set_client */;
/*!40101 SET character_set_client = utf8 */;
CREATE TABLE `media` (
  `id` bigint(20) unsigned NOT NULL AUTO_INCREMENT,
  `user_id` bigint(20) unsigned NOT NULL,
  `media_types_id` int(10) unsigned NOT NULL,
  `file_name` varchar(245) COLLATE utf8mb4_unicode_ci DEFAULT NULL COMMENT '/files/folder/img.png',
  `file_size` bigint(20) DEFAULT NULL,
  `created_at` datetime NOT NULL DEFAULT current_timestamp(),
  PRIMARY KEY (`id`),
  KEY `fk_media_users_idx` (`user_id`),
  KEY `fk_media_media_types` (`media_types_id`),
  CONSTRAINT `fk_media_media_types` FOREIGN KEY (`media_types_id`) REFERENCES `media_types` (`id`),
  CONSTRAINT `fk_media_users` FOREIGN KEY (`user_id`) REFERENCES `users` (`id`)
) ENGINE=InnoDB AUTO_INCREMENT=101 DEFAULT CHARSET=utf8mb4 COLLATE=utf8mb4_unicode_ci;
/*!40101 SET character_set_client = @saved_cs_client */;

--
-- Dumping data for table `media`
--

LOCK TABLES `media` WRITE;
/*!40000 ALTER TABLE `media` DISABLE KEYS */;
INSERT INTO `media` VALUES (1,1,1,'aut',4,'2005-04-18 06:44:22'),(2,2,2,'odio',0,'2013-03-06 08:29:39'),(3,3,3,'ut',44,'2002-12-23 14:03:05'),(4,4,4,'quis',1439072,'1983-01-15 19:31:49'),(5,5,1,'aut',663,'2012-11-09 17:18:03'),(6,6,2,'nihil',0,'1999-10-13 06:23:45'),(7,7,3,'necessitatibus',99836,'2000-11-06 18:15:43'),(8,8,4,'quidem',760404978,'1991-12-12 14:15:29'),(9,9,1,'quasi',32,'2002-07-10 12:23:59'),(10,10,2,'reiciendis',6,'1979-11-16 01:20:03'),(11,11,3,'ut',0,'2014-07-19 23:07:20'),(12,12,4,'minima',9607,'1978-11-01 13:53:43'),(13,13,1,'quaerat',3567,'1985-02-01 00:58:44'),(14,14,2,'tempora',323,'1977-03-30 15:17:45'),(15,15,3,'sunt',3782682,'1996-03-01 05:24:33'),(16,16,4,'iste',910390472,'1996-10-10 22:39:07'),(17,17,1,'voluptatem',0,'1995-03-06 20:06:59'),(18,18,2,'eligendi',395,'2002-08-01 00:57:32'),(19,19,3,'consequuntur',0,'1996-07-19 21:57:37'),(20,20,4,'voluptatibus',841798946,'1984-01-16 09:22:52'),(21,21,1,'sit',619,'1983-03-07 01:52:36'),(22,22,2,'quia',28,'2001-08-24 07:42:22'),(23,23,3,'qui',9,'1994-09-14 17:54:25'),(24,24,4,'cum',87957412,'1997-04-26 08:01:58'),(25,25,1,'ut',9,'2008-09-18 19:27:43'),(26,26,2,'labore',376781169,'1998-03-22 05:56:27'),(27,27,3,'fugiat',84184015,'2015-12-23 18:07:42'),(28,28,4,'non',5031,'1998-01-09 16:40:27'),(29,29,1,'dolores',809,'1971-06-03 12:28:33'),(30,30,2,'quidem',600,'1979-06-06 18:49:09'),(31,31,3,'nam',8072,'2000-08-02 09:08:22'),(32,32,4,'eveniet',0,'1995-05-25 23:35:51'),(33,33,1,'omnis',27019,'1993-05-01 21:10:18'),(34,34,2,'blanditiis',800673,'1986-04-18 11:41:01'),(35,35,3,'illum',58451252,'1988-09-07 13:56:47'),(36,36,4,'saepe',375651,'2013-03-10 03:31:31'),(37,37,1,'laudantium',3296,'2017-10-30 11:15:28'),(38,38,2,'asperiores',201108898,'1992-09-30 01:50:45'),(39,39,3,'vitae',665,'1975-10-13 09:35:44'),(40,40,4,'aut',89,'1970-01-23 20:00:53'),(41,41,1,'doloribus',6239032,'2017-07-28 21:15:53'),(42,42,2,'dolorem',9,'1980-09-23 10:58:12'),(43,43,3,'deserunt',364763,'2009-02-12 17:55:15'),(44,44,4,'odit',404,'2010-09-14 18:14:53'),(45,45,1,'dolorum',7,'2010-10-02 10:34:36'),(46,46,2,'veritatis',0,'1996-07-01 15:44:55'),(47,47,3,'dolores',54,'2004-05-13 07:51:47'),(48,48,4,'iure',48580,'2018-10-18 04:26:18'),(49,49,1,'dicta',51,'1986-09-11 14:40:20'),(50,50,2,'omnis',85917938,'1979-07-17 07:16:25'),(51,51,3,'veniam',2210877,'1977-04-06 00:36:31'),(52,52,4,'soluta',6086,'1970-03-18 07:10:19'),(53,53,1,'ab',35,'1988-11-26 19:09:52'),(54,54,2,'occaecati',90554776,'2007-05-08 17:56:40'),(55,55,3,'nam',21861505,'2010-12-06 10:14:55'),(56,56,4,'doloremque',4990,'1989-07-21 10:00:50'),(57,57,1,'illum',97246576,'1998-01-12 05:51:55'),(58,58,2,'labore',945921,'1998-10-09 16:37:58'),(59,59,3,'consectetur',3156,'1974-09-04 05:23:18'),(60,60,4,'ipsa',32392,'1983-11-08 12:18:54'),(61,61,1,'mollitia',18878,'1995-08-18 21:19:15'),(62,62,2,'tenetur',4105,'1971-01-25 19:39:36'),(63,63,3,'sunt',363,'2018-02-28 01:38:29'),(64,64,4,'nihil',235198636,'1989-10-02 03:09:33'),(65,65,1,'omnis',13078,'2008-08-01 04:23:56'),(66,66,2,'dolorem',584352,'2001-01-31 19:14:12'),(67,67,3,'commodi',770129,'1997-01-24 05:30:45'),(68,68,4,'maxime',884,'1981-08-28 16:30:25'),(69,69,1,'cumque',50450691,'1996-01-14 06:42:23'),(70,70,2,'quasi',6175,'1975-07-07 17:51:35'),(71,71,3,'soluta',69525,'2011-08-22 18:34:48'),(72,72,4,'ut',35119529,'1999-02-03 09:23:34'),(73,73,1,'commodi',0,'1975-07-06 02:16:18'),(74,74,2,'maiores',23572,'2011-07-01 05:17:55'),(75,75,3,'tempore',929592,'1989-01-08 20:39:54'),(76,76,4,'voluptatem',2014362,'2007-12-26 08:08:07'),(77,77,1,'numquam',5078,'1976-12-08 10:38:50'),(78,78,2,'pariatur',0,'1993-08-25 19:53:54'),(79,79,3,'eaque',950,'1990-05-30 23:48:44'),(80,80,4,'omnis',563350193,'1998-09-19 22:42:12'),(81,81,1,'et',7719,'1993-11-20 23:02:09'),(82,82,2,'magnam',4506266,'2007-01-27 00:51:01'),(83,83,3,'eaque',0,'1996-05-04 12:54:01'),(84,84,4,'quod',832307,'2013-06-22 07:08:07'),(85,85,1,'consequuntur',184172,'1979-11-15 08:49:38'),(86,86,2,'et',290256775,'1977-07-12 04:53:04'),(87,87,3,'rem',29905149,'2004-08-18 01:19:30'),(88,88,4,'enim',345180,'2005-06-09 00:31:26'),(89,89,1,'quod',64722,'1981-06-04 07:32:21'),(90,90,2,'expedita',4,'2018-05-29 22:02:08'),(91,91,3,'aut',505373,'2008-09-22 06:03:26'),(92,92,4,'at',70677,'2019-04-06 01:07:59'),(93,93,1,'aspernatur',0,'2008-02-12 07:15:57'),(94,94,2,'recusandae',4364014,'1991-08-29 13:36:53'),(95,95,3,'sequi',795,'1989-01-15 14:20:13'),(96,96,4,'illo',0,'1973-12-05 13:21:53'),(97,97,1,'temporibus',680420,'1971-07-18 11:23:47'),(98,98,2,'et',22,'1977-08-31 16:21:18'),(99,99,3,'modi',8,'2003-08-05 16:36:30'),(100,100,4,'doloribus',20,'1972-04-19 23:25:42');
/*!40000 ALTER TABLE `media` ENABLE KEYS */;
UNLOCK TABLES;

--
-- Table structure for table `media_types`
--

DROP TABLE IF EXISTS `media_types`;
/*!40101 SET @saved_cs_client     = @@character_set_client */;
/*!40101 SET character_set_client = utf8 */;
CREATE TABLE `media_types` (
  `id` int(10) unsigned NOT NULL AUTO_INCREMENT,
  `name` varchar(45) COLLATE utf8mb4_unicode_ci NOT NULL,
  PRIMARY KEY (`id`),
  UNIQUE KEY `name` (`name`)
) ENGINE=InnoDB AUTO_INCREMENT=5 DEFAULT CHARSET=utf8mb4 COLLATE=utf8mb4_unicode_ci;
/*!40101 SET character_set_client = @saved_cs_client */;

--
-- Dumping data for table `media_types`
--

LOCK TABLES `media_types` WRITE;
/*!40000 ALTER TABLE `media_types` DISABLE KEYS */;
INSERT INTO `media_types` VALUES (2,'sunt'),(3,'suscipit'),(4,'velit'),(1,'voluptatem');
/*!40000 ALTER TABLE `media_types` ENABLE KEYS */;
UNLOCK TABLES;

--
-- Table structure for table `messages`
--

DROP TABLE IF EXISTS `messages`;
/*!40101 SET @saved_cs_client     = @@character_set_client */;
/*!40101 SET character_set_client = utf8 */;
CREATE TABLE `messages` (
  `id` bigint(20) unsigned NOT NULL AUTO_INCREMENT,
  `from_user_id` bigint(20) unsigned NOT NULL,
  `to_user_id` bigint(20) unsigned NOT NULL,
  `txt` text COLLATE utf8mb4_unicode_ci NOT NULL,
  `is_delivered` tinyint(1) DEFAULT 0,
  `created_at` datetime NOT NULL DEFAULT current_timestamp(),
  `update_at` datetime DEFAULT NULL ON UPDATE current_timestamp(),
  PRIMARY KEY (`id`),
  KEY `fk_messages_from_user_idx` (`from_user_id`),
  KEY `fk_messages_to_user_idx` (`to_user_id`),
  CONSTRAINT `fk_messages_users_1` FOREIGN KEY (`from_user_id`) REFERENCES `users` (`id`),
  CONSTRAINT `fk_messages_users_2` FOREIGN KEY (`to_user_id`) REFERENCES `users` (`id`)
) ENGINE=InnoDB AUTO_INCREMENT=101 DEFAULT CHARSET=utf8mb4 COLLATE=utf8mb4_unicode_ci;
/*!40101 SET character_set_client = @saved_cs_client */;

--
-- Dumping data for table `messages`
--

LOCK TABLES `messages` WRITE;
/*!40000 ALTER TABLE `messages` DISABLE KEYS */;
INSERT INTO `messages` VALUES (1,1,1,'officiis',0,'2016-08-26 11:31:56','2015-10-19 12:25:18'),(2,2,2,'enim',1,'2011-12-29 15:04:17','1970-08-18 13:19:21'),(3,3,3,'quas',0,'1970-10-02 04:23:40','1983-06-16 14:13:00'),(4,4,4,'perferendis',1,'1984-01-17 05:51:42','2013-04-19 04:34:10'),(5,5,5,'eligendi',0,'1976-06-12 02:52:03','1974-06-07 21:54:36'),(6,6,6,'qui',1,'2013-02-15 19:55:48','1998-07-31 13:05:57'),(7,7,7,'distinctio',0,'1974-12-11 21:58:48','2014-05-06 06:23:02'),(8,8,8,'quod',0,'1990-11-30 20:41:07','2006-04-13 08:40:30'),(9,9,9,'dolores',1,'2019-06-24 04:30:02','2020-10-27 19:07:02'),(10,10,10,'et',0,'2003-04-26 02:10:05','2013-07-12 13:41:36'),(11,11,11,'atque',0,'2010-06-29 13:25:12','1986-01-28 10:13:08'),(12,12,12,'adipisci',1,'1988-02-16 14:24:41','2005-12-01 05:51:46'),(13,13,13,'eos',0,'2014-06-18 07:53:36','1987-04-14 03:56:22'),(14,14,14,'rem',0,'2002-09-03 05:30:01','2006-10-03 08:27:44'),(15,15,15,'quis',0,'1995-07-16 07:52:26','2009-03-26 16:42:29'),(16,16,16,'placeat',0,'2007-09-28 16:35:03','1970-06-07 09:25:29'),(17,17,17,'sed',1,'1971-11-17 19:51:12','2007-02-26 09:46:36'),(18,18,18,'rerum',0,'1975-11-22 12:44:17','1984-09-27 02:49:25'),(19,19,19,'dolorem',0,'2008-02-28 03:56:07','2005-02-22 21:50:15'),(20,20,20,'pariatur',1,'1993-09-26 16:11:13','1996-03-06 12:58:01'),(21,21,21,'doloremque',0,'2017-10-31 18:29:29','2001-08-07 03:04:59'),(22,22,22,'ut',0,'1989-12-23 03:46:03','1982-09-12 22:04:12'),(23,23,23,'voluptatem',1,'2002-09-02 22:43:44','1995-04-05 16:24:43'),(24,24,24,'placeat',0,'1970-10-22 23:02:15','1971-05-28 02:18:17'),(25,25,25,'non',1,'1993-08-27 20:42:33','1975-03-06 02:27:08'),(26,26,26,'adipisci',0,'2009-03-22 03:38:44','1983-02-11 19:04:06'),(27,27,27,'quo',1,'2015-10-15 20:46:47','1974-08-21 06:17:28'),(28,28,28,'similique',1,'1978-01-22 14:43:33','1978-07-02 10:04:49'),(29,29,29,'ullam',1,'2006-02-22 18:35:22','1971-06-12 06:38:56'),(30,30,30,'expedita',1,'1973-03-04 07:34:00','2017-08-21 13:25:45'),(31,31,31,'tempore',0,'1983-03-17 00:45:03','1976-03-12 13:37:40'),(32,32,32,'eveniet',1,'1972-06-27 20:48:14','2010-09-19 21:15:56'),(33,33,33,'quo',0,'2010-02-23 18:32:54','1972-11-29 16:15:21'),(34,34,34,'et',1,'1997-06-15 03:53:55','2017-07-12 08:39:41'),(35,35,35,'eum',1,'2003-05-22 17:58:00','1977-09-16 17:44:12'),(36,36,36,'sed',1,'1989-03-20 05:12:56','1996-11-05 13:30:46'),(37,37,37,'adipisci',0,'2009-11-11 05:16:14','1989-06-29 06:24:37'),(38,38,38,'placeat',0,'1986-11-10 13:58:45','2011-08-31 20:15:40'),(39,39,39,'sed',0,'2004-11-08 20:16:02','1983-12-31 17:01:34'),(40,40,40,'delectus',1,'1977-10-16 11:32:08','1987-05-09 11:08:35'),(41,41,41,'libero',1,'1998-04-03 08:09:15','2012-09-25 14:17:16'),(42,42,42,'soluta',1,'1971-07-02 13:03:36','2015-05-14 09:44:46'),(43,43,43,'neque',0,'1973-11-21 05:24:54','2007-02-27 20:39:41'),(44,44,44,'voluptatem',0,'1989-03-14 05:18:15','1989-11-19 21:24:30'),(45,45,45,'in',0,'1986-04-29 07:32:17','2013-10-06 23:42:27'),(46,46,46,'consequatur',1,'2002-08-02 13:38:56','1999-07-13 23:45:58'),(47,47,47,'et',1,'1993-11-12 05:48:36','2009-03-04 05:39:23'),(48,48,48,'ut',0,'1990-02-05 00:27:23','2019-03-16 00:03:57'),(49,49,49,'possimus',1,'1978-10-28 22:40:36','1991-05-22 02:47:40'),(50,50,50,'minus',1,'1976-10-21 09:29:59','1994-04-15 21:25:28'),(51,51,51,'animi',0,'2015-01-09 12:44:58','1983-04-20 10:24:17'),(52,52,52,'nostrum',1,'2012-02-09 01:47:07','2000-07-02 01:26:08'),(53,53,53,'in',1,'1975-10-05 14:03:05','1987-08-13 07:54:50'),(54,54,54,'quibusdam',0,'1988-06-18 10:13:26','2005-11-14 13:57:10'),(55,55,55,'ipsam',0,'2012-03-11 01:45:07','1970-09-22 05:26:55'),(56,56,56,'commodi',1,'1989-12-05 01:41:55','2017-10-20 16:02:38'),(57,57,57,'debitis',0,'1974-09-15 12:48:46','2011-11-02 00:15:32'),(58,58,58,'perspiciatis',1,'1992-04-27 16:56:08','1992-07-08 07:02:42'),(59,59,59,'enim',1,'1996-10-12 04:40:36','2014-03-31 07:00:32'),(60,60,60,'tempore',0,'1973-12-20 00:57:20','1988-06-15 21:59:18'),(61,61,61,'eos',0,'1987-04-28 01:11:10','1995-10-30 19:31:18'),(62,62,62,'eaque',1,'2004-03-09 09:09:41','1998-01-27 23:38:36'),(63,63,63,'ut',0,'2014-07-27 12:58:22','2004-05-19 04:12:20'),(64,64,64,'et',0,'2002-03-20 09:32:00','1979-04-11 20:05:23'),(65,65,65,'saepe',0,'2008-12-07 23:52:39','1971-05-12 11:13:12'),(66,66,66,'facere',0,'1981-09-22 03:39:03','1982-09-26 20:30:45'),(67,67,67,'in',1,'1997-02-08 04:11:23','2018-05-10 07:39:27'),(68,68,68,'ea',1,'2001-03-04 13:05:46','2009-03-22 05:46:35'),(69,69,69,'fuga',1,'1981-02-07 11:20:43','2008-05-22 06:12:48'),(70,70,70,'ea',0,'2000-12-02 01:45:20','1994-02-19 15:57:28'),(71,71,71,'qui',0,'1994-11-28 04:34:10','2007-05-10 01:25:59'),(72,72,72,'qui',0,'2017-03-19 04:36:21','1996-10-03 15:28:58'),(73,73,73,'enim',0,'2009-04-27 01:13:18','1975-08-06 12:06:06'),(74,74,74,'veritatis',0,'2006-05-27 01:25:16','1994-12-27 01:12:11'),(75,75,75,'illum',0,'2018-01-17 00:19:46','1984-05-20 08:11:05'),(76,76,76,'et',1,'2010-10-31 00:59:04','1970-12-03 09:39:38'),(77,77,77,'quas',1,'2017-05-24 20:15:12','1976-12-02 03:31:56'),(78,78,78,'vitae',0,'2009-12-12 13:47:26','1976-01-29 00:05:51'),(79,79,79,'consequuntur',1,'2011-07-07 02:12:02','1978-06-28 09:45:04'),(80,80,80,'quis',0,'2004-11-28 02:42:58','1983-04-13 02:17:47'),(81,81,81,'rem',1,'2017-02-10 18:14:16','1995-11-08 01:45:42'),(82,82,82,'nostrum',0,'2004-05-15 09:45:15','1984-09-13 18:29:00'),(83,83,83,'mollitia',1,'1983-08-05 17:56:11','2009-10-30 23:47:36'),(84,84,84,'quis',1,'1977-10-24 23:06:46','2006-08-07 09:53:53'),(85,85,85,'voluptas',1,'1993-07-28 10:44:43','1970-10-30 16:53:14'),(86,86,86,'aliquid',0,'2005-11-28 19:44:19','1975-05-06 22:46:46'),(87,87,87,'deleniti',1,'2016-06-04 05:13:11','1994-07-25 10:45:33'),(88,88,88,'numquam',0,'1987-07-30 20:03:41','1979-08-30 20:09:24'),(89,89,89,'autem',1,'2009-04-02 01:30:27','1991-04-19 00:59:05'),(90,90,90,'consequatur',0,'2020-11-08 01:14:32','1996-04-09 18:30:33'),(91,91,91,'corrupti',1,'1970-02-12 04:29:56','1988-07-22 14:13:34'),(92,92,92,'eaque',0,'1995-04-05 19:37:39','1973-02-19 02:52:04'),(93,93,93,'necessitatibus',1,'1983-02-10 21:34:36','1971-11-14 19:09:23'),(94,94,94,'quia',0,'1978-08-27 04:40:38','1975-06-02 00:36:04'),(95,95,95,'temporibus',1,'1975-04-19 10:05:52','2019-06-18 05:54:35'),(96,96,96,'ut',1,'2019-01-04 14:28:45','2002-04-24 04:32:58'),(97,97,97,'qui',1,'1989-08-12 06:17:40','2003-12-24 10:53:22'),(98,98,98,'aut',0,'1990-08-14 12:09:08','2018-01-23 09:37:44'),(99,99,99,'beatae',0,'1978-11-16 04:29:54','2012-02-10 11:16:25'),(100,100,100,'velit',1,'1991-11-18 19:14:23','2020-08-15 00:00:58');
/*!40000 ALTER TABLE `messages` ENABLE KEYS */;
UNLOCK TABLES;

--
-- Table structure for table `posts`
--

DROP TABLE IF EXISTS `posts`;
/*!40101 SET @saved_cs_client     = @@character_set_client */;
/*!40101 SET character_set_client = utf8 */;
CREATE TABLE `posts` (
  `id` bigint(20) unsigned NOT NULL AUTO_INCREMENT,
  `user_id` bigint(20) unsigned NOT NULL,
  `txt` text COLLATE utf8mb4_unicode_ci NOT NULL,
  `created_at` datetime DEFAULT current_timestamp(),
  `updated_at` datetime DEFAULT NULL ON UPDATE current_timestamp(),
  PRIMARY KEY (`id`),
  KEY `user_idx` (`user_id`),
  CONSTRAINT `user_posts_fk` FOREIGN KEY (`user_id`) REFERENCES `users` (`id`)
) ENGINE=InnoDB AUTO_INCREMENT=101 DEFAULT CHARSET=utf8mb4 COLLATE=utf8mb4_unicode_ci;
/*!40101 SET character_set_client = @saved_cs_client */;

--
-- Dumping data for table `posts`
--

LOCK TABLES `posts` WRITE;
/*!40000 ALTER TABLE `posts` DISABLE KEYS */;
INSERT INTO `posts` VALUES (1,1,'modi','2011-09-22 21:27:39','2006-10-16 14:44:33'),(2,2,'ea','2012-04-25 09:47:07','1972-06-05 11:10:06'),(3,3,'harum','1994-02-27 08:40:34','2018-03-11 04:26:21'),(4,4,'accusantium','1974-05-18 01:57:01','2005-04-30 11:10:12'),(5,5,'hic','2004-03-20 09:55:10','1989-01-16 19:03:32'),(6,6,'inventore','1998-11-08 04:44:41','1982-02-25 02:47:45'),(7,7,'cum','2010-11-18 03:29:54','1986-04-26 15:38:02'),(8,8,'officiis','2004-07-10 04:27:40','1978-08-27 06:49:30'),(9,9,'aliquam','2016-10-02 21:14:27','2016-03-01 17:07:00'),(10,10,'eum','1985-02-08 03:44:19','1999-02-12 03:22:14'),(11,11,'in','1990-03-07 13:23:56','1974-04-19 09:47:33'),(12,12,'voluptate','1990-09-17 06:16:05','1970-10-20 22:02:27'),(13,13,'perferendis','1978-01-14 03:44:21','1984-05-13 07:47:00'),(14,14,'debitis','1998-07-16 17:35:19','1976-06-03 03:32:06'),(15,15,'temporibus','1973-02-20 21:26:58','1995-08-29 14:57:54'),(16,16,'vitae','1997-10-16 05:26:49','2004-05-18 13:56:13'),(17,17,'sit','2011-01-22 00:46:20','2013-12-24 08:48:38'),(18,18,'modi','2015-11-23 00:05:10','1971-09-23 23:17:03'),(19,19,'pariatur','2007-01-05 10:54:44','1979-02-25 13:55:15'),(20,20,'rerum','2019-09-11 10:28:34','2000-09-13 01:26:45'),(21,21,'adipisci','2006-03-16 00:32:29','1987-11-29 15:13:41'),(22,22,'ut','1990-07-06 02:04:15','1993-05-27 01:38:53'),(23,23,'in','1986-07-05 03:19:33','2001-10-18 01:37:22'),(24,24,'accusamus','2013-07-02 21:10:09','2014-04-09 04:03:37'),(25,25,'velit','1992-11-22 04:46:58','2008-03-07 01:42:33'),(26,26,'eum','1973-02-13 15:36:10','2005-05-15 14:24:22'),(27,27,'porro','2021-02-06 19:26:07','2016-10-04 02:20:10'),(28,28,'et','2004-07-06 11:16:52','1970-04-03 20:52:07'),(29,29,'tenetur','2005-04-02 00:22:59','2007-09-14 07:30:20'),(30,30,'voluptatem','2020-09-06 21:24:35','1984-11-08 21:09:14'),(31,31,'consequatur','1971-03-13 20:23:04','1976-02-15 07:45:04'),(32,32,'perferendis','1994-09-20 23:36:32','1970-08-05 09:47:57'),(33,33,'maiores','1990-06-05 17:52:12','2012-09-27 15:23:32'),(34,34,'neque','1991-07-19 04:59:35','1983-05-08 02:22:53'),(35,35,'esse','1971-12-07 11:10:46','2006-07-19 21:44:49'),(36,36,'labore','1971-06-23 10:14:05','2006-07-20 16:03:26'),(37,37,'distinctio','2020-08-26 01:22:17','1999-01-22 13:17:40'),(38,38,'culpa','2003-09-07 02:39:44','1979-10-10 12:14:00'),(39,39,'tempora','2002-11-26 00:13:45','2011-08-15 10:15:48'),(40,40,'quo','1987-08-20 17:01:44','1989-05-04 05:55:57'),(41,41,'id','2006-04-11 15:23:30','1984-11-23 19:58:52'),(42,42,'illum','1972-12-28 09:44:21','2004-09-09 09:18:16'),(43,43,'ut','2000-11-25 15:43:59','1995-05-20 06:02:12'),(44,44,'necessitatibus','1983-11-10 21:47:03','1973-08-27 00:09:00'),(45,45,'voluptatum','1994-12-18 01:37:54','1970-02-01 18:12:15'),(46,46,'inventore','1987-08-02 09:36:07','2016-06-04 11:01:46'),(47,47,'porro','2012-03-30 03:44:44','2019-07-16 08:26:29'),(48,48,'dicta','2016-11-12 05:20:16','2018-11-22 17:18:21'),(49,49,'est','1998-02-03 05:20:48','2017-10-13 14:26:30'),(50,50,'vitae','2005-01-05 13:20:19','1986-01-14 17:22:22'),(51,51,'consequuntur','2010-05-13 21:27:28','2019-06-26 09:27:47'),(52,52,'aut','2011-12-26 14:28:39','1991-12-28 16:44:58'),(53,53,'recusandae','1988-08-15 08:46:02','2015-06-25 20:45:35'),(54,54,'non','1988-10-27 09:25:39','2016-02-19 06:33:46'),(55,55,'sed','2002-09-05 01:08:09','2015-05-19 14:06:24'),(56,56,'doloribus','2002-04-23 21:39:49','1988-06-08 08:38:18'),(57,57,'doloremque','1994-09-23 10:55:33','2018-12-30 22:43:38'),(58,58,'quia','1980-11-05 10:44:17','1989-08-19 11:09:38'),(59,59,'optio','1986-11-27 18:39:27','2017-02-18 12:23:51'),(60,60,'minima','2008-06-12 10:16:08','1982-02-10 01:05:29'),(61,61,'quia','1996-02-27 09:26:50','2019-10-31 12:09:58'),(62,62,'aliquid','2005-05-18 12:30:27','1970-10-27 03:05:52'),(63,63,'quam','1971-02-09 18:22:58','2012-03-15 22:17:51'),(64,64,'magni','1989-02-21 15:29:35','2021-03-09 17:04:30'),(65,65,'nihil','1974-12-09 19:34:23','2013-02-07 19:58:46'),(66,66,'reiciendis','1990-02-07 00:23:59','1996-04-13 13:33:04'),(67,67,'delectus','2014-04-21 02:43:19','1976-06-24 16:10:05'),(68,68,'animi','1987-09-13 09:59:07','2006-11-09 16:44:11'),(69,69,'unde','1977-06-10 19:20:49','2002-11-05 18:51:57'),(70,70,'ducimus','2020-07-27 13:59:17','1995-09-02 08:21:13'),(71,71,'magnam','2018-02-14 20:56:50','1983-01-01 11:08:23'),(72,72,'aut','1989-06-18 03:22:19','1991-09-12 01:13:20'),(73,73,'iste','1983-12-24 19:57:25','1985-08-15 03:34:25'),(74,74,'eveniet','1974-04-24 23:13:56','1988-05-09 04:35:29'),(75,75,'rem','2008-02-03 19:41:12','1986-12-30 14:40:14'),(76,76,'et','2008-11-10 07:52:42','2020-12-13 14:11:15'),(77,77,'saepe','1970-01-10 01:03:50','2000-08-09 04:54:56'),(78,78,'nihil','1998-08-15 08:27:19','2020-07-22 07:05:52'),(79,79,'quisquam','1981-06-25 18:21:48','1971-03-20 15:21:24'),(80,80,'rerum','2016-04-07 04:05:39','1989-08-13 02:40:41'),(81,81,'quas','1998-09-17 02:34:19','1976-07-21 22:17:52'),(82,82,'et','2017-05-19 22:53:40','1985-02-06 01:22:27'),(83,83,'dolores','2001-02-07 09:27:09','1982-05-20 02:45:29'),(84,84,'dolores','2018-11-01 13:21:00','2011-03-29 01:36:12'),(85,85,'expedita','1970-07-26 12:03:19','2009-06-02 05:15:55'),(86,86,'et','2003-03-21 16:17:21','1987-02-28 11:19:34'),(87,87,'cumque','1975-12-24 21:05:06','1980-10-29 23:01:54'),(88,88,'reiciendis','1995-12-26 16:06:53','1996-02-25 04:33:50'),(89,89,'id','1980-01-29 19:35:16','2004-03-08 04:40:42'),(90,90,'dolorum','2018-01-06 22:40:06','1982-07-03 23:02:49'),(91,91,'quis','2015-01-27 14:33:33','1982-11-12 23:22:59'),(92,92,'et','2001-12-22 09:13:45','2020-08-13 20:59:54'),(93,93,'sunt','1986-10-05 09:04:33','2003-12-30 02:00:06'),(94,94,'ut','1984-11-05 07:51:00','1973-08-18 11:37:19'),(95,95,'omnis','2015-03-29 12:11:56','1995-12-06 05:40:19'),(96,96,'ipsa','2007-01-05 05:06:57','2018-07-14 03:50:44'),(97,97,'ex','1976-01-17 19:19:09','2011-03-25 02:37:20'),(98,98,'dolorum','2014-05-14 01:05:28','2020-03-17 15:17:24'),(99,99,'optio','1992-09-14 20:19:50','2003-05-26 21:00:30'),(100,100,'ut','2008-11-04 04:19:18','1970-07-16 20:47:10');
/*!40000 ALTER TABLE `posts` ENABLE KEYS */;
UNLOCK TABLES;

--
-- Table structure for table `posts_likes`
--

DROP TABLE IF EXISTS `posts_likes`;
/*!40101 SET @saved_cs_client     = @@character_set_client */;
/*!40101 SET character_set_client = utf8 */;
CREATE TABLE `posts_likes` (
  `post_id` bigint(20) unsigned NOT NULL,
  `user_id` bigint(20) unsigned NOT NULL,
  `like_type` tinyint(1) DEFAULT 1,
  PRIMARY KEY (`post_id`,`user_id`),
  KEY `post_idx` (`post_id`),
  KEY `user_idx` (`user_id`),
  CONSTRAINT `posts_likes_fk` FOREIGN KEY (`post_id`) REFERENCES `posts` (`id`),
  CONSTRAINT `users_likes_fk` FOREIGN KEY (`user_id`) REFERENCES `users` (`id`)
) ENGINE=InnoDB DEFAULT CHARSET=utf8mb4 COLLATE=utf8mb4_unicode_ci;
/*!40101 SET character_set_client = @saved_cs_client */;

--
-- Dumping data for table `posts_likes`
--

LOCK TABLES `posts_likes` WRITE;
/*!40000 ALTER TABLE `posts_likes` DISABLE KEYS */;
INSERT INTO `posts_likes` VALUES (1,1,0),(2,2,0),(3,3,0),(4,4,0),(5,5,1),(6,6,1),(7,7,1),(8,8,1),(9,9,0),(10,10,0),(11,11,0),(12,12,1),(13,13,1),(14,14,1),(15,15,1),(16,16,1),(17,17,0),(18,18,1),(19,19,0),(20,20,1),(21,21,0),(22,22,1),(23,23,1),(24,24,1),(25,25,1),(26,26,1),(27,27,0),(28,28,0),(29,29,1),(30,30,1),(31,31,0),(32,32,0),(33,33,1),(34,34,1),(35,35,1),(36,36,0),(37,37,1),(38,38,1),(39,39,0),(40,40,1),(41,41,1),(42,42,1),(43,43,1),(44,44,1),(45,45,0),(46,46,1),(47,47,0),(48,48,0),(49,49,1),(50,50,0),(51,51,1),(52,52,1),(53,53,1),(54,54,1),(55,55,1),(56,56,1),(57,57,1),(58,58,1),(59,59,0),(60,60,0),(61,61,1),(62,62,0),(63,63,0),(64,64,0),(65,65,0),(66,66,1),(67,67,1),(68,68,1),(69,69,1),(70,70,0),(71,71,1),(72,72,1),(73,73,0),(74,74,0),(75,75,1),(76,76,0),(77,77,0),(78,78,1),(79,79,0),(80,80,1),(81,81,1),(82,82,0),(83,83,0),(84,84,0),(85,85,1),(86,86,1),(87,87,0),(88,88,0),(89,89,1),(90,90,1),(91,91,1),(92,92,0),(93,93,1),(94,94,0),(95,95,0),(96,96,0),(97,97,0),(98,98,1),(99,99,1),(100,100,0);
/*!40000 ALTER TABLE `posts_likes` ENABLE KEYS */;
UNLOCK TABLES;

--
-- Table structure for table `profiles`
--

DROP TABLE IF EXISTS `profiles`;
/*!40101 SET @saved_cs_client     = @@character_set_client */;
/*!40101 SET character_set_client = utf8 */;
CREATE TABLE `profiles` (
  `user_id` bigint(20) unsigned NOT NULL,
  `gender` enum('f','m','x') COLLATE utf8mb4_unicode_ci NOT NULL,
  `birthday` date NOT NULL,
  `photo_id` bigint(20) unsigned DEFAULT NULL,
  `user_status` varchar(30) COLLATE utf8mb4_unicode_ci DEFAULT NULL,
  `city` varchar(130) COLLATE utf8mb4_unicode_ci DEFAULT NULL,
  `country` varchar(130) COLLATE utf8mb4_unicode_ci DEFAULT NULL,
  PRIMARY KEY (`user_id`),
  UNIQUE KEY `photo_id` (`photo_id`),
  CONSTRAINT `fk_profiles_media` FOREIGN KEY (`photo_id`) REFERENCES `media` (`id`),
  CONSTRAINT `fk_profiles_users` FOREIGN KEY (`user_id`) REFERENCES `users` (`id`)
) ENGINE=InnoDB DEFAULT CHARSET=utf8mb4 COLLATE=utf8mb4_unicode_ci;
/*!40101 SET character_set_client = @saved_cs_client */;

--
-- Dumping data for table `profiles`
--

LOCK TABLES `profiles` WRITE;
/*!40000 ALTER TABLE `profiles` DISABLE KEYS */;
INSERT INTO `profiles` VALUES (1,'m','1999-07-18',NULL,'Magnam sint repudiandae conseq','West Filibertomouth','26712'),(2,'m','2018-01-14',NULL,'Dolore alias necessitatibus do','Lake Sageburgh','129100'),(3,'f','1971-02-15',NULL,'Repellat autem accusamus id ip','Lake Kristian','751'),(4,'x','1988-05-10',NULL,'Quos libero quam quae ab. Volu','Quitzonmouth','14'),(5,'x','2006-12-29',NULL,'Qui ut quis non nihil sapiente','Lake Orlo','406808'),(6,'m','1973-12-06',NULL,'Aut saepe amet optio quia plac','Twilamouth','633224998'),(7,'x','2007-03-16',NULL,'Eos illum voluptatem nesciunt ','O\'Harastad','4968'),(8,'m','1975-07-27',NULL,'Iure voluptas nam nihil suscip','East Haskellland','5803'),(9,'f','2001-08-19',NULL,'Labore harum quis et quos laud','Lake Bernardland','245012656'),(10,'f','2011-04-20',NULL,'Nulla perspiciatis id est. Dol','New Tatyanamouth','4'),(11,'m','1973-05-30',NULL,'Dolorum voluptate saepe dolor ','South Joeside','2780244'),(12,'f','1976-08-08',NULL,'Blanditiis optio voluptatem au','Luettgenchester',''),(13,'x','2016-08-07',NULL,'Quidem aspernatur doloribus ha','New Keithchester','886972473'),(14,'x','1997-02-02',NULL,'Et repellat unde ipsa non aut ','East Donavon','794180'),(15,'x','1975-03-02',NULL,'Magnam harum voluptatum omnis ','Port Priscilla','936193'),(16,'m','1979-12-28',NULL,'Corrupti sit accusamus suscipi','Leehaven','3'),(17,'x','1978-11-23',NULL,'Reprehenderit in et occaecati ','New Selmer','77161537'),(18,'f','1974-01-06',NULL,'Reprehenderit quia velit vel s','Stoltenbergmouth','715'),(19,'m','1995-11-17',NULL,'Expedita natus dolores id dolo','North Esperanza',''),(20,'x','2005-03-08',NULL,'Nulla doloremque suscipit a mi','Daveburgh','594507144'),(21,'x','1996-03-12',NULL,'Impedit culpa ut voluptas aliq','Stantonmouth','928'),(22,'m','2000-01-26',NULL,'Enim enim officia doloribus se','Lake Bell','7'),(23,'f','1978-05-27',NULL,'Aut in totam mollitia esse off','Port Ashtonstad','139026949'),(24,'m','1994-08-13',NULL,'Enim sunt tempora qui incidunt','Ratketown','64977'),(25,'m','1977-07-18',NULL,'Consequatur pariatur amet quo ','Jacquelynport','6931'),(26,'f','1981-09-26',NULL,'Ducimus qui explicabo et ut. Q','Lake Margarett',''),(27,'x','1992-09-07',NULL,'Praesentium expedita provident','Jacobitown','98246551'),(28,'f','2011-09-18',NULL,'At aut minus nam iure eligendi','O\'Konfurt','84913962'),(29,'f','1973-03-13',NULL,'Velit omnis quisquam assumenda','Antoniaside','577'),(30,'f','1971-07-08',NULL,'Temporibus ea enim sit ea volu','East Josie','79667'),(31,'x','1974-08-16',NULL,'Vero animi consequatur dolorib','West Durwardville','390240225'),(32,'x','2012-01-14',NULL,'At molestiae omnis deleniti au','Ozellaport','906827'),(33,'x','1983-10-05',NULL,'Voluptatibus repellat deleniti','Norvalview','600214951'),(34,'f','1991-11-09',NULL,'Et repudiandae tempora dolorum','Marianoview',''),(35,'x','2001-12-12',NULL,'Aliquam repellendus laboriosam','Lake Ida','387337251'),(36,'m','1999-04-03',NULL,'Necessitatibus suscipit occaec','Okeychester',''),(37,'f','1981-09-02',NULL,'Vel ea sit non assumenda ullam','Port Jefferey','5524263'),(38,'x','1999-07-06',NULL,'Autem et distinctio soluta qui','Kerlukefurt','27727969'),(39,'f','1997-11-16',NULL,'Eaque reprehenderit officiis t','North Kenyattaview',''),(40,'f','2016-07-08',NULL,'A quia qui laborum magni imped','East Leximouth','2403'),(41,'m','2011-01-01',NULL,'Illum blanditiis quam vitae do','Brakusbury',''),(42,'f','1978-10-02',NULL,'Aspernatur neque aut porro ver','Macejkovicburgh',''),(43,'m','1991-01-24',NULL,'Est est unde praesentium offic','Effertzland','75667'),(44,'x','1995-06-11',NULL,'Consectetur et aut enim nihil.','Lake Floystad','619'),(45,'f','1973-10-31',NULL,'Harum quo quia minus ullam off','East Davonteport','8'),(46,'x','1985-06-08',NULL,'Quo quaerat deleniti maiores d','McCulloughtown',''),(47,'m','1987-12-21',NULL,'Aut nemo a nemo et exercitatio','Denesikfort','546'),(48,'f','1982-06-26',NULL,'Omnis voluptatem eaque accusam','South Durward','6349475'),(49,'x','1974-03-03',NULL,'Ullam rem nobis ipsum nesciunt','North Alysaport','3446'),(50,'x','2019-10-27',NULL,'Dolores magnam ad optio dolori','Brantmouth','46'),(51,'f','1995-01-16',NULL,'Ullam rerum architecto ut ipsu','Norwoodland','59637'),(52,'x','1981-01-24',NULL,'Enim aut expedita quod. Ut err','West Maymie','8884'),(53,'f','1985-05-21',NULL,'Sit veritatis et officia non e','Marshallmouth','3'),(54,'m','2015-10-27',NULL,'Ducimus sed possimus sunt odit','East Royce','417'),(55,'x','2013-11-23',NULL,'Repudiandae incidunt adipisci ','Virginiafurt','5135500'),(56,'x','1980-10-14',NULL,'Voluptate eius consequatur per','North Leslieside','75453'),(57,'f','2014-08-13',NULL,'Et a id et voluptas sit. Accus','Orinberg','540250'),(58,'f','1988-08-18',NULL,'Odit qui minima quas vitae rer','Kamilleton',''),(59,'x','1978-10-10',NULL,'Earum repellendus officia pers','Cartwrightland','8491'),(60,'m','1982-03-06',NULL,'Sit quibusdam iure quia exerci','Lake Tracy','3835'),(61,'x','1982-12-28',NULL,'Qui cum a rerum suscipit dolor','New Keenan','72902'),(62,'x','1979-09-03',NULL,'Ut est atque sed praesentium c','Lubowitzville',''),(63,'f','2005-01-31',NULL,'Id id quia est excepturi. Ipsu','Ullrichview','94700'),(64,'x','2009-06-10',NULL,'Debitis minus blanditiis commo','Tyrellfurt','7579'),(65,'m','1972-10-18',NULL,'Fugit qui quam aut voluptates ','West Ofeliahaven','50'),(66,'m','1982-09-16',NULL,'Ab consequuntur ea dolorem nam','Ziemannborough','3057755'),(67,'m','1989-01-16',NULL,'Veritatis quibusdam veniam ali','Deehaven','29386268'),(68,'f','1991-05-25',NULL,'Quis ullam praesentium repella','Tyshawnton','747'),(69,'m','1995-02-10',NULL,'Architecto consectetur nulla p','South Xandermouth',''),(70,'f','1988-12-16',NULL,'Rerum voluptatibus pariatur es','Port Enoch','91062603'),(71,'f','1976-02-14',NULL,'Ut quibusdam qui pariatur dolo','North Leora','83980'),(72,'x','1986-09-11',NULL,'Praesentium quia nihil molesti','Hilpertchester','74772224'),(73,'f','1990-05-20',NULL,'Magnam et voluptatem nulla ut.','Aufderharfort','71'),(74,'m','1972-09-14',NULL,'Quis rem eveniet quia sit sint','North Velva','2735696'),(75,'f','2017-09-27',NULL,'Temporibus doloribus est neque','Barrowsborough','649247148'),(76,'x','2002-08-29',NULL,'Consequatur aut porro molestia','Briaberg','85904391'),(77,'m','1971-04-21',NULL,'Nostrum optio amet perspiciati','Justynborough','8973588'),(78,'f','1995-11-11',NULL,'Dolorem velit voluptatum nemo.','East Isabellaborough','8'),(79,'m','2014-08-04',NULL,'Ut culpa consequatur accusanti','North Jaylon','1707'),(80,'m','2015-02-06',NULL,'Excepturi velit quis iste maio','South Dalton','534170'),(81,'x','1993-06-04',NULL,'A numquam rerum non nostrum et','Kristopherside','624396338'),(82,'f','1997-04-11',NULL,'Sequi sit quis ratione velit. ','Nolanchester','4114'),(83,'f','1971-04-10',NULL,'Maiores neque tenetur vero ani','Port Mervin',''),(84,'m','1987-10-02',NULL,'Et laudantium qui facilis odit','Marceloview',''),(85,'x','1998-09-17',NULL,'Architecto aliquam sint tempor','Wardton','3740230'),(86,'m','2000-12-02',NULL,'Omnis veniam aut aliquam id se','Ornburgh','14814502'),(87,'f','1977-09-15',NULL,'Minus quam earum et et. Rerum ','Goldnerborough','44158599'),(88,'m','2016-09-07',NULL,'Qui eos dolor aliquam officia ','Spinkafort','5'),(89,'m','2019-10-21',NULL,'Sed voluptates inventore et. O','Mertzshire','89'),(90,'x','2007-10-22',NULL,'Maiores quisquam ut sit vel ut','Port Alvertastad','65'),(91,'x','1973-10-09',NULL,'Ut possimus autem id ad deseru','North Nicolas','204127096'),(92,'f','2015-09-29',NULL,'Quibusdam sit error dolorem et','Bartonberg','4459'),(93,'m','2015-11-26',NULL,'Laboriosam porro neque repelle','Rohanstad','1168351'),(94,'f','1984-06-03',NULL,'Et corrupti assumenda et quisq','Medhursthaven','8'),(95,'f','1982-03-27',NULL,'Culpa blanditiis necessitatibu','North Kenya','85'),(96,'m','1981-12-08',NULL,'Recusandae libero vel ab dolor','North Chaya','3501'),(97,'f','1971-07-05',NULL,'Unde voluptatum exercitationem','East Mikestad','1'),(98,'f','2006-04-27',NULL,'Qui veritatis nostrum repudian','Lake Havenville','9810'),(99,'m','1996-02-08',NULL,'In eos dolores voluptatibus be','Abigailshire','83922'),(100,'x','1985-06-14',NULL,'Sed ratione voluptate eos debi','West Hyman','2915742');
/*!40000 ALTER TABLE `profiles` ENABLE KEYS */;
UNLOCK TABLES;

--
-- Table structure for table `users`
--

DROP TABLE IF EXISTS `users`;
/*!40101 SET @saved_cs_client     = @@character_set_client */;
/*!40101 SET character_set_client = utf8 */;
CREATE TABLE `users` (
  `id` bigint(20) unsigned NOT NULL AUTO_INCREMENT,
  `first_name` varchar(145) COLLATE utf8mb4_unicode_ci NOT NULL,
  `last_name` varchar(145) COLLATE utf8mb4_unicode_ci NOT NULL,
  `email` varchar(145) COLLATE utf8mb4_unicode_ci NOT NULL,
  `phone` char(11) COLLATE utf8mb4_unicode_ci NOT NULL,
  `password_hash` char(65) COLLATE utf8mb4_unicode_ci DEFAULT NULL,
  `created_at` datetime NOT NULL DEFAULT current_timestamp(),
  PRIMARY KEY (`id`),
  UNIQUE KEY `email_idx` (`email`),
  UNIQUE KEY `phone_idx` (`phone`)
) ENGINE=InnoDB AUTO_INCREMENT=101 DEFAULT CHARSET=utf8mb4 COLLATE=utf8mb4_unicode_ci;
/*!40101 SET character_set_client = @saved_cs_client */;

--
-- Dumping data for table `users`
--

LOCK TABLES `users` WRITE;
/*!40000 ALTER TABLE `users` DISABLE KEYS */;
INSERT INTO `users` VALUES (1,'Telly','Ritchie','krajcik.claudia@example.org','09565079085','881ed4a66604c02914ce5c0a0ba8c2208ddc70e5','2010-07-18 08:39:26'),(2,'Lola','Gulgowski','noe55@example.org','+19(2)60799','362a7484b89d4e231c0f0ad3f4548130f8a7723d','2016-04-15 17:08:07'),(3,'Jeff','Runolfsson','peyton.walsh@example.org','594-748-725','248e0d529ba320828d7b8f07aa482f3b2a3111ea','1970-03-13 16:42:56'),(4,'Carolyne','Champlin','lbauch@example.net','236.137.103','d68e581e38ec2ac4a206c22254b1bfd4c3d6e51d','2004-06-24 01:04:08'),(5,'Constantin','Collier','elta.jenkins@example.com','217.061.337','2951cb45703c76cd1ec73147f72dedd6908bd913','1977-10-07 13:09:31'),(6,'Mary','Huels','haley.frami@example.com','09417490853','2a254e1630d12c63c561374b76441c1736a82c4f','1982-01-15 14:00:28'),(7,'Peggie','Schaden','trantow.hannah@example.com','1-653-975-8','229bdb288bf2a9a5661333c4b7842914a423ff9e','2020-11-03 03:52:46'),(8,'Tiffany','Fritsch','randall.goodwin@example.com','+21(8)00017','0fb4221aab5382fbd3a5128949d1643d4520fe5a','1985-02-16 08:05:37'),(9,'Abbigail','Langworth','emetz@example.net','(010)666-99','d0c2173444bb3a297c017950459cae732899d073','2007-05-01 04:39:39'),(10,'Hilton','Rowe','cali84@example.org','861-569-222','3db8bce7407749ab5cdd525b9c3c236764b40491','1972-02-02 08:48:07'),(11,'Myron','Krajcik','hyatt.doug@example.net','826-851-735','ea3c4045f315746a725e50034cd03423082a97e7','2018-04-07 04:09:57'),(12,'Elinore','Monahan','austin.parisian@example.com','(004)977-92','69d81183eaaf6be97330f5ac000693a1989dfb76','1982-05-11 15:49:08'),(13,'Brionna','Predovic','xledner@example.net','(115)406-17','b92793194f87458a4ea1e4f226a5978a19a3e076','1990-03-11 15:57:39'),(14,'Donald','Towne','schulist.erica@example.com','1-328-631-0','962bbb8be25d1c80c15843110c810f6fe2606a15','1990-03-01 06:30:04'),(15,'Eulah','Hand','santos.harris@example.org','373.831.230','89c2c23071f48b108d9fb380ae256161128c4dac','1998-10-23 13:16:06'),(16,'Carole','Macejkovic','vena96@example.net','772.874.754','02119629ca914fd403d3831c44bba0362d4a59a5','2008-11-23 07:06:32'),(17,'Leif','Keebler','nia50@example.org','08329370231','6733acb3bc198b96ca34cf72b5c86d6a2624d532','2006-08-20 13:18:04'),(18,'Aleen','Bins','yhackett@example.com','202.011.828','bcb93f329c69edd74d761f893c2c0fa2c66f131f','2019-08-09 17:41:30'),(19,'Jannie','Kling','marian.gleichner@example.net','08009644615','22e70e3feca676f2013221eaea4e4dee62478d9a','1975-11-20 13:26:34'),(20,'Jared','Strosin','king.ezequiel@example.org','703-819-272','5d1503b055fd99d8e42fdeb5093344f48fb7a0c8','2020-12-26 22:25:25'),(21,'Angelo','Schulist','howe.vince@example.net','731-803-996','342eafd80698897c5bc4e462ea730302333284fd','1981-11-05 20:25:24'),(22,'Lexus','Price','jeffry.gusikowski@example.net','1-792-265-8','847fee7111b646e6629f10f7255b6009158ddc01','2015-08-06 04:34:11'),(23,'Margarita','White','harvey.amaya@example.net','+84(1)01426','f8ab02422c1a4f8e09d6c00ed804fc6fe01ef093','1985-06-30 17:08:50'),(24,'Lela','Weber','nboyer@example.com','722-569-042','09f94465042e96c216cb9b06057dc576c149ddc9','2004-11-23 18:32:45'),(25,'Howard','Anderson','bkohler@example.net','(265)876-53','1a2ba4e539e74b97840f0d86188526d20200abd7','1973-05-05 22:16:00'),(26,'Derek','Moore','nkihn@example.net','795-468-274','2d05cab75c482b4519540ca1e94e6e4c265c4deb','1983-07-31 21:31:41'),(27,'Kay','Fadel','durgan.schuyler@example.org','988-120-880','c7e78cd35d2feca2cc38e3be9c6d10d00d079c7e','1989-03-30 22:31:14'),(28,'Austyn','Raynor','savion40@example.com','(980)579-33','98b54a4b1560cbcabebcfb16f7fd3b0b7ba82a57','1984-12-10 06:40:48'),(29,'Araceli','West','connelly.giovanna@example.com','(131)848-27','d1106d8a4b768e6e6547599c7d4e15a9691b204f','1972-09-07 16:25:57'),(30,'Adam','Hoppe','nwaelchi@example.org','382-119-826','9323509462e628c5d28acac19b05e2c856038ef9','2005-12-04 09:36:08'),(31,'Adella','Fritsch','bernier.camila@example.com','04758467918','9a61f1a6507d7056729628d84620dc3754ca7733','1984-10-09 13:40:41'),(32,'Euna','Leffler','raphaelle.gottlieb@example.com','469-688-965','153a0f16f18b3199114ebb3fd7f9bb0af3bb12fb','2018-04-22 12:57:40'),(33,'Laurence','Quitzon','ehuels@example.net','663.322.089','f3dbda2153a05880cf0c5dbb77f5251d51d17f65','2017-06-23 23:54:50'),(34,'Matt','Williamson','dagmar.koepp@example.org','1-007-433-8','8ac4d0022f8eab6cbdcb7f3df34ba33b00f90ea8','1999-03-13 14:18:55'),(35,'Agustin','Hudson','felicita11@example.net','(533)181-25','1372da98c902ded1e25faec4b38b75f9033ab7f7','1977-02-18 14:10:30'),(36,'Marge','Larson','austin.nader@example.com','214.073.504','87c6543995dc2e86ad6dddcd9db8f3edcdddf1fc','1997-12-09 23:54:58'),(37,'Bianka','Vandervort','leatha36@example.org','+65(2)23377','3e7c827cc6315f265802d7adde00930854dfd8a5','1984-10-17 19:33:38'),(38,'Marianna','Stroman','jones.ansel@example.org','1-087-085-4','3e82f794c37884edd27f3208593bed9ae6730dd2','1979-11-19 13:49:22'),(39,'Zola','Sawayn','joana27@example.net','02009131429','e752f2a7df7d971d8afa6ffa878e6ce4e268b091','2009-07-01 02:36:39'),(40,'Enrico','Tremblay','danny83@example.com','873-126-508','459d0bb99b9daa35569c09c520496dba90487d15','1970-04-21 23:36:33'),(41,'Broderick','Bins','raul76@example.net','1-679-322-6','0dbe101cdbe0922689b7a07308117fea0cdcd54a','1976-02-16 22:30:38'),(42,'Danny','Moore','xgleichner@example.net','1-041-251-4','bc165fb9484a6c2a4584a6ce31bdbb364e54e340','2013-02-24 04:57:39'),(43,'Angel','Gutmann','ambrose.jast@example.org','(750)703-51','a0ffbb05036532628f6e326186115e68ebc6de62','1991-07-12 03:49:08'),(44,'Alexie','Marquardt','legros.jeanne@example.org','1-666-000-7','777a708bdcfbd76d599d3e8e627af6b03ac79bc6','1974-11-25 06:39:44'),(45,'Adrian','Wolff','lane.greenfelder@example.org','(656)967-37','9ba4e19812ec2fbb0ab08e6649e55d2c2dfba180','1986-05-03 00:20:13'),(46,'Luis','Erdman','reinger.curtis@example.net','047.948.871','37d7bb8f6a83ab35f4e60745a81f260f98d9a7bb','2018-03-16 03:31:12'),(47,'Edgar','Fritsch','nasir12@example.net','076-081-793','d880dfd654ac3d322ece3b4120e0f74dddae8520','1987-10-24 19:06:21'),(48,'Georgette','Conroy','edward58@example.net','1-791-849-3','a8eea55220994fcf18886c489a63570112a55e74','1994-04-07 13:09:11'),(49,'Nicola','Boyle','adams.gavin@example.net','363.004.151','bd6892ada0280d5e0edf875c44488b8d3e115cac','1993-04-01 07:25:23'),(50,'Shanny','Reilly','fpollich@example.org','+36(8)28667','68a2771259647a69eaa302cfdb6e1806ed2c6759','1985-03-02 08:40:54'),(51,'Flavie','Ernser','sankunding@example.com','+59(1)65022','73c716822531612f9816737ee8f7be7ff3de696d','1991-11-06 00:55:12'),(52,'Floy','Doyle','ifeeney@example.com','(478)749-96','e16344ca58a20a04bc04cc59b4a47c04dfedb082','1975-03-31 09:56:09'),(53,'Vivian','Olson','wunsch.gordon@example.org','03053348259','6fbd26fa095f4688ffa555059b1e4e7e4b7e4a50','2014-02-10 00:55:31'),(54,'Vergie','Dicki','ondricka.muriel@example.com','1-129-840-0','ea739aab9a899a725d034cce51cd10c31f1c5afa','1988-04-22 15:55:27'),(55,'Justen','Dibbert','abigail.collins@example.net','(190)737-17','ed756ad7f4ce8b53706289daf7cf78ae01f63615','2001-09-21 03:15:38'),(56,'Ladarius','Mertz','vledner@example.net','361-615-188','64b4f86c38e2fb206bcbde87140b9b72d2656ac4','2020-07-29 07:03:29'),(57,'Erika','Jacobson','meghan.reilly@example.com','1-854-036-0','bce8f943faf3f3b4ff094f7203948c49b71f9ce1','1981-04-23 15:15:21'),(58,'Kaylie','Quigley','hhane@example.org','1-833-343-1','a5a5e65027f0393d10eeda9e024837753f9eeab7','2007-07-07 15:59:26'),(59,'Vinnie','Ward','bauch.elizabeth@example.com','1-312-550-8','cfb4d639e82666e4a2c4874d4a5d5f93f08799b7','1975-07-18 16:16:15'),(60,'Emmy','Senger','balistreri.kobe@example.com','+75(2)85294','b34df0c0489ad373a7c430c5f8b38ca63fafb1f0','2018-01-31 17:35:25'),(61,'Leila','Rau','alysson.murphy@example.com','+60(1)38404','cd6ec7ae07b3e75215292d30b673bee30c8bcce6','1998-04-03 07:24:49'),(62,'Felix','Bednar','bergstrom.anissa@example.com','1-090-105-8','d33c55f424ccc0fdc01ec019d48abb35ec482edc','1977-02-07 20:58:38'),(63,'Clark','Leuschke','mayer.alexzander@example.com','1-442-472-9','04971130b41629bbc64a2185fd3a58c3bff40f55','2014-06-10 11:26:47'),(64,'Curtis','Durgan','estrella.leuschke@example.net','(419)052-48','215576258d86ef420ef8b492d7ae520c1b9372d5','1978-05-29 10:58:38'),(65,'Brittany','Towne','angel.fritsch@example.com','890-338-335','2b18df9abad854cd4da9f4259094fdc6bc7a0624','2000-09-30 15:39:28'),(66,'Spencer','Ebert','benjamin67@example.net','+75(7)27537','35673ed15c8910060570eefd25d3eb52ce7bf793','2005-07-15 03:53:56'),(67,'Sam','Fadel','valentina.padberg@example.com','(961)001-09','9a31c10c8b910e6bfc8f3c3057c6b71ecb0dd524','1989-05-16 15:08:13'),(68,'Ayden','Von','marlene.harvey@example.com','048.358.469','48a6dd5beca851c64c3c84ecb6d3f3f94b3f3ac8','2016-07-03 18:45:27'),(69,'Jason','Rolfson','robel.joyce@example.com','(665)877-43','9d907a3907342a878aabf480a1aba6df67420e64','2000-12-31 20:22:23'),(70,'Carmine','Schmidt','ankunding.madaline@example.com','(200)910-42','eaf98e9dfc07bb2a404c1dc82f31a22e2f09fd4a','2013-11-19 09:24:56'),(71,'Roderick','Hoppe','beahan.shaina@example.org','(691)903-20','952cb29dc2815cb87c255bdfb742460617b52ffc','1978-12-07 09:51:37'),(72,'Julius','Corkery','qsipes@example.com','406.778.417','f588cfcd4fba648fb59e67e7d7f9e8baeedc135f','2005-02-01 09:30:46'),(73,'Theo','McCullough','nkohler@example.com','04909471992','075aae67805a7fe881db6a22c5637ba4c8a14fd4','2015-10-13 20:01:31'),(74,'Daryl','Cartwright','misael47@example.net','03405002686','f32b250d2da418b1e5e96441e2bc20035c98aeea','2013-09-12 11:45:02'),(75,'Braden','Vandervort','zella58@example.org','+79(9)47718','320562e6b33baee2037fb80c25d47afd6d2b8460','1981-09-23 21:14:41'),(76,'Gudrun','Funk','vesta.grant@example.com','(769)639-57','eff6596cbd5ba65cdab7fff1949a20bedfd7edb5','1998-01-20 23:54:27'),(77,'Blair','Kilback','qdenesik@example.org','539-056-576','f7cede3b4bcd883f5f919c120de970c68e78fb2f','1974-01-15 03:27:00'),(78,'Marcos','Okuneva','muriel90@example.com','(538)429-31','fecde7738fb264c21a9e50f0863f0f117d7ec14a','1982-09-26 10:11:39'),(79,'Taylor','Larson','mack04@example.net','488.068.058','a6f0cba4b46f0f63c87741ce14b171a8c2e341b8','2000-07-16 23:00:55'),(80,'Juliana','Hagenes','meghan53@example.com','520.946.254','919aaba48ad98580f091d766fa5a67c8f5f6f43e','1995-04-10 19:28:40'),(81,'Nina','Hudson','charlotte.mckenzie@example.net','008-189-171','c1109963c8ed01bbc4f88305647ac52f1eaf8dad','1978-05-24 07:59:45'),(82,'Ward','Mann','nlittle@example.org','1-614-049-9','10944504d5fe533cc95744eafe7d2bc99ccc85d0','1977-12-26 15:21:04'),(83,'Taya','Schmitt','elian19@example.com','121-243-328','c7f07aabaf590ccfe4d9ddec508b0f4ac8f5a77f','1984-07-12 11:08:32'),(84,'Lucius','Schimmel','willa.skiles@example.com','01123846055','a39b722ee423e1d3dd0a9565b14a44201d01d69b','1990-08-07 08:30:18'),(85,'Morris','Feeney','maritza74@example.com','08715282051','18ffcae6a99ef02246d5bbdb2dc63f45e2f1b6e6','1990-03-16 23:01:26'),(86,'Bart','Kris','fbrown@example.com','1-463-168-8','c7e22d7b08da446032f33b67aedc598ce43c7c4b','1977-06-17 23:18:13'),(87,'Americo','Stark','alexane.runte@example.org','574-186-522','3825ba09fe4b859409c811a38e6fda71934e026e','1970-08-07 06:03:04'),(88,'Eliezer','Armstrong','ubrakus@example.net','639.141.172','6a668ff4b06e0826d6f0e6d7b4f40aa717bfaa02','1981-08-10 02:22:51'),(89,'Santiago','Rosenbaum','leo.kirlin@example.com','(627)587-86','d66199c0ee52f8f63318e3d32752c462bf1baa8b','2015-12-16 03:37:50'),(90,'Verlie','McLaughlin','yherman@example.com','(534)916-35','55e1d21104851ff5cd3d7359e8d61a4a9b030042','2015-03-28 10:53:37'),(91,'April','Rice','bryon15@example.org','1-190-044-9','2a02d728d01028280c06ec27dbecd36301e0a1af','1995-06-02 02:43:13'),(92,'Deontae','Bernier','assunta24@example.org','+84(4)82702','65a135eace8155ca3506229ee3ddd4cc287e0272','1976-11-29 20:58:11'),(93,'Craig','Koch','kshlerin.patricia@example.com','556.493.043','296a4539b6db059cc2468f0ddac90cf421dea2cd','1982-02-23 11:05:33'),(94,'Maybelle','Abernathy','eulalia27@example.net','921-511-515','060798ab1bcad7859c82abeb1ff6f1c571a334e6','1982-03-25 06:34:56'),(95,'Cleve','Wuckert','alexandre.mohr@example.org','1-681-111-3','0be9dc0a4bb3fe1a18deaab1be038dfd2c7ba865','2003-10-31 03:59:36'),(96,'Sandra','Feeney','westley43@example.com','(674)462-74','0c9c60db671b45e84e6a9859dc0d6f09126aa5bd','2010-02-05 07:33:22'),(97,'Edison','Doyle','audreanne35@example.net','425-318-883','fbc01da182895934eeb50d8deb6178232a270603','1983-10-22 10:56:12'),(98,'Axel','Kunde','dalton14@example.net','03702854633','a38d9dfe28077ea389b7de5a23cc031ab3dc0ef0','1987-06-25 19:01:18'),(99,'Samara','Ortiz','utowne@example.com','691.001.048','6eea535b3c56aea59df110a6d28803134c0ca8eb','1997-08-23 12:54:58'),(100,'Elvera','Torphy','nwolff@example.net','(875)487-18','681e8bfee661db3acc79b0fae5175ff473782f3d','1994-07-05 08:39:21');
/*!40000 ALTER TABLE `users` ENABLE KEYS */;
UNLOCK TABLES;
/*!40103 SET TIME_ZONE=@OLD_TIME_ZONE */;

/*!40101 SET SQL_MODE=@OLD_SQL_MODE */;
/*!40014 SET FOREIGN_KEY_CHECKS=@OLD_FOREIGN_KEY_CHECKS */;
/*!40014 SET UNIQUE_CHECKS=@OLD_UNIQUE_CHECKS */;
/*!40101 SET CHARACTER_SET_CLIENT=@OLD_CHARACTER_SET_CLIENT */;
/*!40101 SET CHARACTER_SET_RESULTS=@OLD_CHARACTER_SET_RESULTS */;
/*!40101 SET COLLATION_CONNECTION=@OLD_COLLATION_CONNECTION */;
/*!40111 SET SQL_NOTES=@OLD_SQL_NOTES */;

-- Dump completed on 2021-04-07 12:43:28
